sample_id,model_id,franklin_estimation,evergreen_estimation,absolute_savings_difference
00027c7b480ef7812586aad6259bcc4d60f4511d_AMI,00027c7b480ef7812586aad6259bcc4d60f4511d,1.983414929,1.9616282962,0.02178663280000004
001b1369e4fa4d59d2e99f52663ff644085d3314_AMI,001b1369e4fa4d59d2e99f52663ff644085d3314,2.591844056,-2.9016316328,5.4934756888
0020f3147a036056a7d3c29c5c953a98ff359ce2_AMI,0020f3147a036056a7d3c29c5c953a98ff359ce2,1.560920075,2.4240567961,0.8631367210999998
00293543b7524c56ca1ba9bef6a69090a537efc1_AMI,00293543b7524c56ca1ba9bef6a69090a537efc1,1.243743664,-3.5503653894000005,4.794109053400001
002f3c083288e60ac6e205cc02a93d8dfe511875_AMI,002f3c083288e60ac6e205cc02a93d8dfe511875,3.844319545,1.4186645934999997,2.4256549515000003
003aa56cc0cbf78dfc35a10b95b34207ab0a320a_AMI,003aa56cc0cbf78dfc35a10b95b34207ab0a320a,8.12180306,9.1170621982,0.9952591381999998
003bceb6f6961f54dcd914c3ae660d693aca42b6_AMI,003bceb6f6961f54dcd914c3ae660d693aca42b6,3.937639538,4.7003749569,0.7627354189000002
0050656cd811c82f13f1bdb1361fe4c354229414_AMI,0050656cd811c82f13f1bdb1361fe4c354229414,3.116047515,1.1386596627999999,1.9773878522000001
00544e778c0e9c85b21e26a116f9f781faea0034_AMI,00544e778c0e9c85b21e26a116f9f781faea0034,3.361532423,-0.47845012229999995,3.8399825453
005d1441ad45ed5857c26bd6de6c05dc445982dc_AMI,005d1441ad45ed5857c26bd6de6c05dc445982dc,-2.455893859,-2.7670541949,0.3111603358999999
005e745e37e8b2e31be381d8f66f1cdf5002b567_AMI,005e745e37e8b2e31be381d8f66f1cdf5002b567,8.523899263,6.4966530222,2.0272462408000003
00632079c809f4900acbca2b53425336677474db_AMI,00632079c809f4900acbca2b53425336677474db,0.62564682,-0.8391090214000001,1.4647558414000001
006ac66dfb266fab8eac16ff7985c430bc9e5b4b_AMI,006ac66dfb266fab8eac16ff7985c430bc9e5b4b,2.711161879,-0.7872134665000001,3.4983753455000004
006e58906b067d8501bd832c5f07838b404d1a17_AMI,006e58906b067d8501bd832c5f07838b404d1a17,2.222801355,1.6314560997,0.5913452553
006f26034fdf8e26b59cabc11497961b6c15d936_AMI,006f26034fdf8e26b59cabc11497961b6c15d936,2.884447408,0.949765917,1.934681491
0078020af787510b9d63af8817855abf2d7d472f_AMI,0078020af787510b9d63af8817855abf2d7d472f,5.768106886,3.9538006303,1.8143062557
00818ab36b3bf8d84118e9eadd71f5d11bd0e273_AMI,00818ab36b3bf8d84118e9eadd71f5d11bd0e273,7.211992084,4.720589735,2.4914023490000003
008559f76a4da2e14cd4cb0c9dbb5afc42f19de0_AMI,008559f76a4da2e14cd4cb0c9dbb5afc42f19de0,1.923147862,-2.1647632470000002,4.087911109
008d68e55a15e7498e60e8e7d6d10adebb910f19_AMI,008d68e55a15e7498e60e8e7d6d10adebb910f19,-4.188690119,-9.0143989479,4.8257088289
008ea3ec14547cc95827cc1ae6df57080fad6242_AMI,008ea3ec14547cc95827cc1ae6df57080fad6242,0.213350475,1.4666914605,1.2533409855000002
00a06d5864734b6bb0664798ac5aee2133b03198_AMI,00a06d5864734b6bb0664798ac5aee2133b03198,0.466404519,-2.3621907376999998,2.8285952567
00ad7d8d44d040b1857fa8d4de0b6f86421b7f61_AMI,00ad7d8d44d040b1857fa8d4de0b6f86421b7f61,1.269864533,-4.5132606371,5.7831251701
00b218c6fa7762563ceb29f07e9ac16001b88f5f_AMI,00b218c6fa7762563ceb29f07e9ac16001b88f5f,1.60598414,-2.4644559521000002,4.0704400921
00cb6efdf4347bd9b40f75a796713cb749887991_AMI,00cb6efdf4347bd9b40f75a796713cb749887991,3.431074359,3.6018383918,0.17076403279999974
00cc0a270351d7c766d78d436a37a0bf258382d6_AMI,00cc0a270351d7c766d78d436a37a0bf258382d6,6.737817273,3.8139470518999996,2.9238702211000005
00cffa4a34d69a608d8167ae336387f1f3a1d58c_AMI,00cffa4a34d69a608d8167ae336387f1f3a1d58c,-7.799968956,-9.3339244805,1.5339555245000005
00e1ef73dfd483ffb3f1b8440f2eecffe616f958_AMI,00e1ef73dfd483ffb3f1b8440f2eecffe616f958,-2.478640351,-5.8348023665,3.3561620155
00f7cad78bf6f8c8b05c2f45959bbe8fcceeca99_AMI,00f7cad78bf6f8c8b05c2f45959bbe8fcceeca99,3.357445186,2.3704925417,0.9869526443000001
0100aa61e2713d5a834fa3780d40ae68e74f164c_AMI,0100aa61e2713d5a834fa3780d40ae68e74f164c,0.977749126,-0.19278339990000015,1.1705325259000001
010157f1ae11c00e8ff8dace36d241fc234d676d_AMI,010157f1ae11c00e8ff8dace36d241fc234d676d,2.203457341,-0.3044347115999999,2.5078920526
0103512ec493892f65efc77c8c3fabf59833a8c0_AMI,0103512ec493892f65efc77c8c3fabf59833a8c0,0.038921537,0.3691446558,0.3302231188
0110b1fc38e0fff1a34555a76091f5b74da214ed_AMI,0110b1fc38e0fff1a34555a76091f5b74da214ed,2.739343349,1.150283712,1.5890596369999999
0114573d4533a60c5be32cbef3646e2b6eb95ef7_AMI,0114573d4533a60c5be32cbef3646e2b6eb95ef7,6.795212187,3.5355864048,3.2596257821999997
0117832e51c7e5e4da637e208bb3b436f39ee1d2_AMI,0117832e51c7e5e4da637e208bb3b436f39ee1d2,0.642992827,1.4798943882,0.8369015611999999
012d9f11566b1e38e1d3e9a52cdcbb54d9e0ebcd_AMI,012d9f11566b1e38e1d3e9a52cdcbb54d9e0ebcd,0.033708273,0.18444894480000001,0.1507406718
0132b072c9b28b4c48e11c33950ca64695eb1256_AMI,0132b072c9b28b4c48e11c33950ca64695eb1256,7.413413126,6.6733779084,0.7400352176
0134a4bc3f2a6e9b8bd40c95f3769ddd3054704a_AMI,0134a4bc3f2a6e9b8bd40c95f3769ddd3054704a,8.340593748,7.157525059499999,1.1830686885000006
013588e9d5fe29252962b1480a872e213be1a162_AMI,013588e9d5fe29252962b1480a872e213be1a162,0.038712543,-4.129077408,4.167789951
013b518e97078ce2658093a9599863fc880ead17_AMI,013b518e97078ce2658093a9599863fc880ead17,4.728662687,2.4321637788999997,2.2964989081000002
0146b1c2c426669822a3f78ed53604e107de2ed8_AMI,0146b1c2c426669822a3f78ed53604e107de2ed8,0.73138406,-5.1634780906,5.8948621506
01475f7a41c002bb85fdc678a61b7abc4be68013_AMI,01475f7a41c002bb85fdc678a61b7abc4be68013,1.247978066,0.5971765115000003,0.6508015544999997
01530ce97c4139845aeccd6b74974135fec9311b_AMI,01530ce97c4139845aeccd6b74974135fec9311b,1.153639449,-2.2950309705,3.4486704195
015be6350122953a5905f8d2535c93b794b4f508_AMI,015be6350122953a5905f8d2535c93b794b4f508,3.507928692,4.1732931794,0.6653644873999998
015f475b5100d68573b00c1b78d004e4bccb05f9_AMI,015f475b5100d68573b00c1b78d004e4bccb05f9,2.059191379,-1.1489641012,3.2081554802000003
0163bb4c51121c9d58478e552c2b1b43324bdaad_AMI,0163bb4c51121c9d58478e552c2b1b43324bdaad,2.815010299,2.69720224,0.11780805899999969
016b3f20fbc301e333ccdf7188ae1c5307cd5d4a_AMI,016b3f20fbc301e333ccdf7188ae1c5307cd5d4a,2.938467042,2.3019350607,0.6365319813000001
016e49da3d60c0b1525df65e024740b026b088c6_AMI,016e49da3d60c0b1525df65e024740b026b088c6,2.367264693,1.2984330874999999,1.0688316055000002
0175effe862f35fb4ee0037125f3c8af195b3e7d_AMI,0175effe862f35fb4ee0037125f3c8af195b3e7d,4.426962654,4.2348299905,0.1921326635000007
01772d4ce9fd5289a0d095d0a68b9dfc0129f65f_AMI,01772d4ce9fd5289a0d095d0a68b9dfc0129f65f,3.605103178,2.8169016614999998,0.7882015165
017ae5b99d4ee06b33f24a21c9dc7a2c90441b5d_AMI,017ae5b99d4ee06b33f24a21c9dc7a2c90441b5d,4.75770268,7.5147548962999995,2.757052216299999
01861ea4a9e1c5cb1dfb70cd6c34232008ea5e0d_AMI,01861ea4a9e1c5cb1dfb70cd6c34232008ea5e0d,2.447616598,2.753567789,0.3059511909999997
018b9b039cf5282fe6654fcca607f3c0d694d145_AMI,018b9b039cf5282fe6654fcca607f3c0d694d145,2.823978256,3.1960063351,0.3720280790999997
018cf973107d2f9553dcaeac0985f85463d0da58_AMI,018cf973107d2f9553dcaeac0985f85463d0da58,4.430306936,3.7333023939,0.6970045421000002
019b24ce726c1587aa9df785e5991dde0be85d46_AMI,019b24ce726c1587aa9df785e5991dde0be85d46,1.128013769,1.8656289016,0.7376151326
019e8ccb126002733eb1037e678db2d8d5f95695_AMI,019e8ccb126002733eb1037e678db2d8d5f95695,0.769310946,3.1397998351,2.3704888890999998
01af7ef3f998c0fdc447a80ec9e9fd9feb94a53c_AMI,01af7ef3f998c0fdc447a80ec9e9fd9feb94a53c,3.904559088,3.3404422559,0.5641168320999999
01c7cbf75952011c7b87f5b6f04ed3e62d4908a2_AMI,01c7cbf75952011c7b87f5b6f04ed3e62d4908a2,1.174465932,1.6522286259,0.47776269390000015
01d70bbc6f495f4e92db3674e3fdcf01813a8f7d_AMI,01d70bbc6f495f4e92db3674e3fdcf01813a8f7d,0.581229324,1.0163133608000001,0.4350840368000001
01d92c720e2992be6e365dfe884f72c2c478b768_AMI,01d92c720e2992be6e365dfe884f72c2c478b768,2.952072261,-1.4818316024999998,4.433903863499999
01df2e775cd89acd8e5e540568622e642ecbd7ae_AMI,01df2e775cd89acd8e5e540568622e642ecbd7ae,1.72067343,-1.6179596679000001,3.3386330979
01e40ba12389c73c3b48905b98f6b0f204c946f2_AMI,01e40ba12389c73c3b48905b98f6b0f204c946f2,3.667204354,0.9006083190999998,2.7665960349
01e4fea73f164f4e57ad91bc0f21d554c6f4bf52_AMI,01e4fea73f164f4e57ad91bc0f21d554c6f4bf52,5.565972751,4.2696200329,1.2963527181000005
01ed9d63468fe3b6dbfde0d89ca174988880e97d_AMI,01ed9d63468fe3b6dbfde0d89ca174988880e97d,1.506098434,-0.3149052105,1.8210036445000002
01f2c4354da32501c3d85f30f08b2fbe62730b3d_AMI,01f2c4354da32501c3d85f30f08b2fbe62730b3d,3.678861818,2.5364017275,1.1424600905000002
01f4452297bf4db5b40bd20729538dee78ed0e46_AMI,01f4452297bf4db5b40bd20729538dee78ed0e46,1.663372552,0.009140369899999987,1.6542321821000001
01ff026418f8ca13061b4d2659f5359e72223e9e_AMI,01ff026418f8ca13061b4d2659f5359e72223e9e,2.741145778,1.7982130445000002,0.9429327334999997
0204dc855d5318e45ce2fb8be767015c8e17b4b2_AMI,0204dc855d5318e45ce2fb8be767015c8e17b4b2,0.002607504,0.1681322261,0.1655247221
021f7c8c6ba0a80f97bf1eb50c13ec26584a3f1e_AMI,021f7c8c6ba0a80f97bf1eb50c13ec26584a3f1e,1.278173208,-7.6710073908,8.9491805988
0221f258ad4aa017c48bad7139f852d954bd252e_AMI,0221f258ad4aa017c48bad7139f852d954bd252e,4.924119066,5.2164719313,0.2923528652999998
022dd0fc39afaa0aa7e6c6f4580578b25025cb2c_AMI,022dd0fc39afaa0aa7e6c6f4580578b25025cb2c,4.950917997,2.0435386312,2.9073793658000002
0235982176730102b609157d3ad3b0e90d81a883_AMI,0235982176730102b609157d3ad3b0e90d81a883,5.254396473,0.8884992420000002,4.365897231
0238ee9bfa0b9eefbcae73a232ccc308824e957c_AMI,0238ee9bfa0b9eefbcae73a232ccc308824e957c,1.4891355020000001,2.1322293954,0.6430938933999999
023d0d4df4a9beed4accb24766ba9af88fb2a6bd_AMI,023d0d4df4a9beed4accb24766ba9af88fb2a6bd,3.22444143,4.0015955417,0.7771541117000003
02466a0be44e39e5267bfb0188a7b020b12ee935_AMI,02466a0be44e39e5267bfb0188a7b020b12ee935,1.411164499,0.9893623861999999,0.42180211280000013
0251e76d796ee25295bfabe286dd0f7cfbd80dcc_AMI,0251e76d796ee25295bfabe286dd0f7cfbd80dcc,0.483651455,-1.628055101,2.111706556
0258d439fe63d0f3b509a2687c9524a0fd9c9f51_AMI,0258d439fe63d0f3b509a2687c9524a0fd9c9f51,1.495383904,-0.5320755269999999,2.027459431
0259de37ef024686fc503d33e25b3c482feed054_AMI,0259de37ef024686fc503d33e25b3c482feed054,6.520910884,4.2453993602,2.2755115237999997
025ff8bc70341664dc03f8f60857f7e70a9bb7de_AMI,025ff8bc70341664dc03f8f60857f7e70a9bb7de,5.117514964,-2.0333579747000003,7.1508729387
026b9b894e3c50e82ad7209da7b49cfec3fc69c5_AMI,026b9b894e3c50e82ad7209da7b49cfec3fc69c5,0.397243407,0.08799427929999998,0.3092491277
026c2380606c742ca41e06938b81ff6aab811240_AMI,026c2380606c742ca41e06938b81ff6aab811240,0.544767321,-0.3125717988000002,0.8573391198000002
02745960c47371c2d8db8299ba929ff928aa38bb_AMI,02745960c47371c2d8db8299ba929ff928aa38bb,4.812455527,4.7206679105,0.09178761650000045
0278c2fd447af4dfaa184cdca7040136c03ff646_AMI,0278c2fd447af4dfaa184cdca7040136c03ff646,4.528161877,4.2158814964,0.31228038059999985
028b109c4aceec179374d0a8e1a57afb96ca1b6f_AMI,028b109c4aceec179374d0a8e1a57afb96ca1b6f,4.122481995,0.8516605149999998,3.2708214800000004
028e63490a7f19ae3daf430ce8a94b35f9e1a730_AMI,028e63490a7f19ae3daf430ce8a94b35f9e1a730,-7.614848451,-11.4052710465,3.790422595499999
029af9ea14b03c11b9cf598ade1a9f9aed79dd87_AMI,029af9ea14b03c11b9cf598ade1a9f9aed79dd87,1.567900647,-2.8984991366,4.4663997836
02a32d344e71ab3f86b601a65678ecb7b5a30cb5_AMI,02a32d344e71ab3f86b601a65678ecb7b5a30cb5,2.964753702,6.1268816933,3.1621279912999998
02a550588245d6bfbd1853f4102921d639822a71_AMI,02a550588245d6bfbd1853f4102921d639822a71,1.130001667,0.25722885830000003,0.8727728087
02a97c0769678659175b806500c6ed0169ac2dd6_AMI,02a97c0769678659175b806500c6ed0169ac2dd6,6.361042195,5.0985656576,1.2624765373999995
02b94217d8b09c60accde21bfe3250b13e7fed11_AMI,02b94217d8b09c60accde21bfe3250b13e7fed11,4.438302355,5.6067060374,1.1684036824000001
02c1c25656d5e6d0487c568db0dd5889d8cd5547_AMI,02c1c25656d5e6d0487c568db0dd5889d8cd5547,-0.495109859,-5.3253469801,4.8302371211
02c40cba8489d1bc1375886b5fea165d2f72efd1_AMI,02c40cba8489d1bc1375886b5fea165d2f72efd1,-6.470924802,-7.753818920900001,1.2828941189000007
02c44930789a7d77bdec7dbc2d2092b226c2757f_AMI,02c44930789a7d77bdec7dbc2d2092b226c2757f,2.875086898,-0.961902882,3.83698978
02c4b88d2bb5020c95d13485efab833640593e06_AMI,02c4b88d2bb5020c95d13485efab833640593e06,4.277127708,3.8777673950000002,0.39936031299999986
02c7acf716661aa96eaa43362d0101402961ab9b_AMI,02c7acf716661aa96eaa43362d0101402961ab9b,3.270030533,3.4029060896,0.13287555660000017
02d5316d070f88cd372ee0440e918b7bd5d25477_AMI,02d5316d070f88cd372ee0440e918b7bd5d25477,2.278754288,-0.8258618053,3.1046160932999998
02d5d31a2fc60535243f6ff849fcb60dc8179ae4_AMI,02d5d31a2fc60535243f6ff849fcb60dc8179ae4,3.549568144,1.9800401667,1.5695279773000002
02d7a3e8c41121d1167e194d8b5e83fb2e3f5418_AMI,02d7a3e8c41121d1167e194d8b5e83fb2e3f5418,3.123031149,3.5509501275,0.42791897850000016
02da1cdd764e1c5b6e61111a8ad0f31df180df8b_AMI,02da1cdd764e1c5b6e61111a8ad0f31df180df8b,5.438273157,2.9471878352,2.4910853218000004
02da4d99dce63e43bab462106ff1704884f7ca86_AMI,02da4d99dce63e43bab462106ff1704884f7ca86,8.714525741,7.259894073000001,1.4546316679999984
02e0ad378fb935ec7f416fb638d0fa594604a53e_AMI,02e0ad378fb935ec7f416fb638d0fa594604a53e,6.305663651,7.4635396796,1.1578760286000005
02e39bab517f5cbf2dc2c2483884d40f1c44a48b_AMI,02e39bab517f5cbf2dc2c2483884d40f1c44a48b,1.221431242,-0.7860407726,2.0074720146000002
02e94fcb2dd3cc5b48a7efe0026181ac7ba54298_AMI,02e94fcb2dd3cc5b48a7efe0026181ac7ba54298,0.157654699,-2.0699493872,2.2276040862
02f36fb9cd27f0a531f43bb46dca8241e8d2fb7b_AMI,02f36fb9cd27f0a531f43bb46dca8241e8d2fb7b,0.318562677,-3.5685413487,3.8871040257000002
02fba1c77c60125d4e1c47112ec8727e0328d926_AMI,02fba1c77c60125d4e1c47112ec8727e0328d926,0.270263085,-1.1562786582999998,1.4265417432999998
0310d721dcdb09c394fa87992b07b3d321f0681d_AMI,0310d721dcdb09c394fa87992b07b3d321f0681d,2.129491757,4.2991322824,2.1696405253999997
0311417e1a78fd2a09e8896da30f95c17bd7348f_AMI,0311417e1a78fd2a09e8896da30f95c17bd7348f,2.867935287,0.7786849745,2.0892503125
03189e3c854f71d87606157431d5ff186b3d78b1_AMI,03189e3c854f71d87606157431d5ff186b3d78b1,7.033752171,4.4751408728,2.5586112981999998
031b5300f29704727b8a778eb204bb2e28039c1b_AMI,031b5300f29704727b8a778eb204bb2e28039c1b,1.415637553,0.9402824657,0.4753550873000001
031fa89eeb1f19864352be6ecff52719197946fd_AMI,031fa89eeb1f19864352be6ecff52719197946fd,6.075023109,4.9583835874,1.1166395215999998
0335f8a3997c88f13084ee477c45472079b234f3_AMI,0335f8a3997c88f13084ee477c45472079b234f3,2.73918675,3.4910094476,0.7518226976000002
03538dfb8fb808c15e5434205e414fcd5508acca_AMI,03538dfb8fb808c15e5434205e414fcd5508acca,6.684881105,4.6678261606,2.0170549444
0358c6de746b25dbd1148e8c603df634bef8328a_AMI,0358c6de746b25dbd1148e8c603df634bef8328a,2.153581032,2.5952728397,0.44169180769999983
0359280494f62e65119901dbad5fa729dcbde51f_AMI,0359280494f62e65119901dbad5fa729dcbde51f,-6.418954764,-9.79723615,3.3782813859999994
035b5fdf0d573fc338e8ae1ad826d6a6fca54008_AMI,035b5fdf0d573fc338e8ae1ad826d6a6fca54008,0.232021296,-4.7161696434,4.9481909394
036895453a3179156a99f91f6655ca1bf2fa2d2f_AMI,036895453a3179156a99f91f6655ca1bf2fa2d2f,3.263406768,2.2630792804,1.0003274876
037628f0249dabf9688362f7ab3c870508018bc4_AMI,037628f0249dabf9688362f7ab3c870508018bc4,-2.777887995,-2.4028583550000002,0.3750296399999997
0378b324ef717328f79e0aa967e46a0b1c716662_AMI,0378b324ef717328f79e0aa967e46a0b1c716662,-8.258625193,-13.0498098317,4.791184638699999
038e492be91c7d42b817588f1a5c7d4ed7dbfeba_AMI,038e492be91c7d42b817588f1a5c7d4ed7dbfeba,3.378277414,1.7180921401,1.6601852738999998
0390429c330c339a31c5322222f6adeb3b9e9e66_AMI,0390429c330c339a31c5322222f6adeb3b9e9e66,5.522466469,3.7212353339,1.8012311351
03995af3ecef189abca6296a2d5249d1646aa975_AMI,03995af3ecef189abca6296a2d5249d1646aa975,0.915187639,0.570277317,0.34491032200000005
039b239c891c8f8753e4749a17e739bfda7160a4_AMI,039b239c891c8f8753e4749a17e739bfda7160a4,-2.094723128,-3.214204586,1.119481458
03a98e45f6825a8bfe208f771cf2e563bdce09ee_AMI,03a98e45f6825a8bfe208f771cf2e563bdce09ee,5.821744554,6.28537446,0.46362990599999954
03ac15162bc6ca4e9d8aa41f63499f5934848743_AMI,03ac15162bc6ca4e9d8aa41f63499f5934848743,3.715614802,2.9837465153,0.7318682867000001
03b06ad0f7f9a1dfe7194a2050053d775de1d986_AMI,03b06ad0f7f9a1dfe7194a2050053d775de1d986,1.363863536,4.0718698326,2.7080062966
03b0c46bdd0368d8719fb2f0047d8c17f3bd1f6b_AMI,03b0c46bdd0368d8719fb2f0047d8c17f3bd1f6b,-3.233730035,-7.9112184861,4.6774884511
03b55778d79f8865c20a6be8c27c18642c1735cb_AMI,03b55778d79f8865c20a6be8c27c18642c1735cb,3.559611541,-0.7357794316,4.2953909726
03bb69d2e1f04fb5ba659647a978cbb70a517836_AMI,03bb69d2e1f04fb5ba659647a978cbb70a517836,0.135174382,-3.5406265723000003,3.6758009543000005
03cb8257c903ea5b5d25a6a26d5294ff4b730b13_AMI,03cb8257c903ea5b5d25a6a26d5294ff4b730b13,3.764204622,4.2494696192,0.48526499720000027
03d6871ae5e9552bd54dfedfaab2a67a7fccda3f_AMI,03d6871ae5e9552bd54dfedfaab2a67a7fccda3f,1.672233372,-1.618172237,3.290405609
03d7fb9f6f2a1c127d95e2b5631157218d8c7411_AMI,03d7fb9f6f2a1c127d95e2b5631157218d8c7411,3.260259429,-0.6280133397000002,3.8882727687000003
03d81d771ccdcb48410327e9eee547dea26969e7_AMI,03d81d771ccdcb48410327e9eee547dea26969e7,-1.559453062,-1.4732508074,0.08620225460000008
03d8e09f4bbe3b2c5234d2463e1526b08b0d5428_AMI,03d8e09f4bbe3b2c5234d2463e1526b08b0d5428,0.64481364,-1.5480224554,2.1928360953999997
03ddeeee88c83b2511efe8f2d7e0b0e6cf3e3c5d_AMI,03ddeeee88c83b2511efe8f2d7e0b0e6cf3e3c5d,2.754208194,-3.3132592821,6.0674674761
03e4ebb275156e00cd9b8d41c831f569c2a5f798_AMI,03e4ebb275156e00cd9b8d41c831f569c2a5f798,3.1113452,1.2464598219,1.8648853781
03ef095b13c456a775eb981b11a387a5399b039d_AMI,03ef095b13c456a775eb981b11a387a5399b039d,2.72049456,3.3669429356,0.6464483755999999
03f9cb26b771e6b7601713388cacebf058f1f7c1_AMI,03f9cb26b771e6b7601713388cacebf058f1f7c1,7.180658837,5.0249634593,2.1556953777
040919c35cfc6b1cb1e58db34acde05409970d87_AMI,040919c35cfc6b1cb1e58db34acde05409970d87,2.512062105,4.265278632,1.7532165270000002
040cac85bdd1e0fd6ba9643947e19cf27a38c8de_AMI,040cac85bdd1e0fd6ba9643947e19cf27a38c8de,-3.614925867,-9.7318830783,6.116957211299999
041bc6b138582444f7f1fda3de18c8ea7ce030d3_AMI,041bc6b138582444f7f1fda3de18c8ea7ce030d3,-4.845977554,-3.5561329766,1.2898445774000002
0423953f1ef8548398f4fac1dac220c698924dea_AMI,0423953f1ef8548398f4fac1dac220c698924dea,5.570961305,4.5211153033,1.0498460016999998
042e09e75a6edcd835d1656fb855da6a223ca9cc_AMI,042e09e75a6edcd835d1656fb855da6a223ca9cc,3.800094406,3.7384625484000003,0.06163185759999967
042f789664e350738e0306bb59682d0edb3bf237_AMI,042f789664e350738e0306bb59682d0edb3bf237,2.643078594,0.7996381311,1.8434404628999999
043c969562c8fc175a0a81ee3130a6fb3336d14a_AMI,043c969562c8fc175a0a81ee3130a6fb3336d14a,5.106842733,1.6475194707,3.4593232623
043fa58782f8c0be462b4656cfc485e7f39098e4_AMI,043fa58782f8c0be462b4656cfc485e7f39098e4,3.248597691,3.8015169818,0.5529192907999998
0450630eb857f34d7f4ab6bdabc1b708eeb1a95a_AMI,0450630eb857f34d7f4ab6bdabc1b708eeb1a95a,-3.228428085,-7.767315691,4.538887606
0450aea4097272aa220d7ac6d672011f0e8cbfe5_AMI,0450aea4097272aa220d7ac6d672011f0e8cbfe5,0.65322074,-4.8384176007,5.4916383407
0455ceda3a9372bec9fa8f5d1119c3ed7849a08e_AMI,0455ceda3a9372bec9fa8f5d1119c3ed7849a08e,-4.253400956,-9.0365851535,4.783184197500001
046147d37753cc6f5d04382687d40c5a336dd512_AMI,046147d37753cc6f5d04382687d40c5a336dd512,7.644709193,5.6359296572,2.0087795357999996
046f7e62119d3c83489f9dcb6743b8bc76196b59_AMI,046f7e62119d3c83489f9dcb6743b8bc76196b59,-10.96687672,-20.7539836128,9.787106892799999
046f8df6a087e6f4e0921c9a9dd83a84b885276e_AMI,046f8df6a087e6f4e0921c9a9dd83a84b885276e,4.522402738,4.5526412908,0.03023855279999932
04738ff0c472c5e72ba7eb1aff708e2a7c102096_AMI,04738ff0c472c5e72ba7eb1aff708e2a7c102096,5.885621532,5.7735558682,0.11206566380000016
047522ab7f3ff46c76e40108ace44354980dd8ff_AMI,047522ab7f3ff46c76e40108ace44354980dd8ff,7.994070899,10.4281448291,2.434073930100001
047cb9a2ad598d6ee577ad3b5f7a2679ee16ce35_AMI,047cb9a2ad598d6ee577ad3b5f7a2679ee16ce35,2.556068934,2.2022480943,0.3538208397
04841fe3cf8de1ff8080eda8a612681a0e511b65_AMI,04841fe3cf8de1ff8080eda8a612681a0e511b65,0.585461912,1.4386554740000002,0.8531935620000002
048a449ddc00c0226317b56cf0be34146937dd15_AMI,048a449ddc00c0226317b56cf0be34146937dd15,2.987077974,1.6565234160999998,1.3305545579000002
048a7b57d86f33146f36b957719c12f1f83ff809_AMI,048a7b57d86f33146f36b957719c12f1f83ff809,5.603607185,4.0179557606,1.5856514244000008
0494a87e62d469051ad0a33f0aeed871c7de43e2_AMI,0494a87e62d469051ad0a33f0aeed871c7de43e2,8.524124179,9.3915199049999991,0.8673957259999998
0495dfe59e8acf1383a26c22daa3a1f5a3828fb6_AMI,0495dfe59e8acf1383a26c22daa3a1f5a3828fb6,0.085652849,-1.4651681154,1.5508209644
049b2e7c0663452ec71c6ec74df72cdad59830ab_AMI,049b2e7c0663452ec71c6ec74df72cdad59830ab,3.039258674,1.2732321939,1.7660264801
04a27120ac0d00c74358d9dd3e752cf6e918148f_AMI,04a27120ac0d00c74358d9dd3e752cf6e918148f,5.275041836,3.5879354732,1.6871063627999998
04a79afec26059a4724186efba9bc8095bcff08f_AMI,04a79afec26059a4724186efba9bc8095bcff08f,2.238304292,0.48133857310000006,1.7569657189
04aa742326907d587298298a7fd87b126276f55d_AMI,04aa742326907d587298298a7fd87b126276f55d,1.39255792,1.3948616857,0.0023037657000000156
04ac2d13e1a9aea2b41b46d4f6aafd955d469d2a_AMI,04ac2d13e1a9aea2b41b46d4f6aafd955d469d2a,0.986384603,3.5339817895000003,2.5475971865000004
04af1b652fd06951ac85edab486cc08e9e02a304_AMI,04af1b652fd06951ac85edab486cc08e9e02a304,0.241592399,-0.4329852566000001,0.6745776556
04b10410bbfe319725f365cfdd5d1391f969323e_AMI,04b10410bbfe319725f365cfdd5d1391f969323e,8.528596277,6.2439700687,2.2846262082999997
04b5d956fdc47070c9befb38537d4b4f0d5c75e3_AMI,04b5d956fdc47070c9befb38537d4b4f0d5c75e3,0.199645574,2.0356447402,1.8359991662
04bf3023abf59f9e5430bd49335f11728fa22650_AMI,04bf3023abf59f9e5430bd49335f11728fa22650,8.747478903,9.0283421871,0.2808632841000005
04c1579122037bff281f7c87fc1b4de42218cf59_AMI,04c1579122037bff281f7c87fc1b4de42218cf59,1.888020465,-0.30602867889999996,2.1940491439
04ce117fa6912880068eadf416a5ed1ea1a6c6e5_AMI,04ce117fa6912880068eadf416a5ed1ea1a6c6e5,7.109297835,3.0714064933,4.0378913417
04d20ba871b90053ab5e81c8a3a68f5e4473705f_AMI,04d20ba871b90053ab5e81c8a3a68f5e4473705f,2.682010054,1.6240879243,1.0579221297
04d3438e6ae23d61a1c26256e7c9cfea31e33581_AMI,04d3438e6ae23d61a1c26256e7c9cfea31e33581,2.18839358,0.6451626113,1.5432309687
04d45db294a6ccd200b47d9dfe373db064f3d231_AMI,04d45db294a6ccd200b47d9dfe373db064f3d231,0.552286298,-0.45723730939999985,1.0095236073999998
04d7acbb07b16ddca29f6446a644da374ef9ff31_AMI,04d7acbb07b16ddca29f6446a644da374ef9ff31,3.17066489,-2.2587687508000003,5.4294336408
04da5df388231f5f75e1889b906a237dc2a46c51_AMI,04da5df388231f5f75e1889b906a237dc2a46c51,6.215231801,1.7278532195,4.4873785815
04e13799fec66a349496ff07ccf97f0e6b4de29d_AMI,04e13799fec66a349496ff07ccf97f0e6b4de29d,2.249618548,-2.6985191177,4.9481376657
04ef4030f3a5613c554657689139e42cb054711f_AMI,04ef4030f3a5613c554657689139e42cb054711f,0.046613029,-0.08509020889999999,0.1317032379
04ef9c2245efcd1c80461e67b8f5fa8819b3288b_AMI,04ef9c2245efcd1c80461e67b8f5fa8819b3288b,0.033495351,-2.0977104782000002,2.1312058292000002
05060ffd9c8c54b37acc8763d9be846ba26f71e4_AMI,05060ffd9c8c54b37acc8763d9be846ba26f71e4,2.90219529,3.6226999777,0.7205046877000001
05076340887212880397081e332d49e0793f9c47_AMI,05076340887212880397081e332d49e0793f9c47,2.168886663,-1.0760784192,3.2449650822
050bd1ac5dbf50a812298804264f580d1bff92bf_AMI,050bd1ac5dbf50a812298804264f580d1bff92bf,8.980568559,7.3038370525,1.6767315065000004
050fbf86a150cc89415b9ccb5af8b522e1a97333_AMI,050fbf86a150cc89415b9ccb5af8b522e1a97333,0.57027332,0.2826848947,0.28758842529999995
0514c8732d7345e6a4f71d16081e55be9deba1d4_AMI,0514c8732d7345e6a4f71d16081e55be9deba1d4,6.393233966,3.9748375072999997,2.4183964587000006
051be4396f0b0f296d988e8651ac45a472d4008c_AMI,051be4396f0b0f296d988e8651ac45a472d4008c,0.180026506,0.3076970469999999,0.1276705409999999
052c880ff570620aa261f6ff78c8ffee050576b7_AMI,052c880ff570620aa261f6ff78c8ffee050576b7,3.186392738,1.4779143141,1.7084784239
0537cbe29ba5685fe8d1333c602c61f3a147c684_AMI,0537cbe29ba5685fe8d1333c602c61f3a147c684,1.823926311,-2.1845482085,4.0084745195
0542f041b8f5b887c59b5c023efc67829e2619d9_AMI,0542f041b8f5b887c59b5c023efc67829e2619d9,2.134695475,-2.2342753131,4.3689707881
054322f91ac1393fe16ece28ed651f7fc8797beb_AMI,054322f91ac1393fe16ece28ed651f7fc8797beb,3.749615931,2.3060488988,1.4435670322000003
054575dc8012938b677e354243671bc55b10437d_AMI,054575dc8012938b677e354243671bc55b10437d,1.228264672,-0.31251599760000004,1.5407806696
0546fad4bbdfbbb89012dc573fcefe46af657efd_AMI,0546fad4bbdfbbb89012dc573fcefe46af657efd,4.031816563,-0.5195359073999999,4.5513524703999995
054fadd65a55457344d46ca3f6f2082db658ca15_AMI,054fadd65a55457344d46ca3f6f2082db658ca15,1.081975108,-2.9157309551,3.9977060631
055a3ee466ff788a9bc0a5f3e48ad193f50dacdf_AMI,055a3ee466ff788a9bc0a5f3e48ad193f50dacdf,2.192266677,-1.6693819584000003,3.8616486354000004
055bcb1d84446ec2e5711111079d1c6f02cacc77_AMI,055bcb1d84446ec2e5711111079d1c6f02cacc77,2.484978657,2.0364638356,0.4485148213999999
0560cdb158f32699fa8a113f7342cd36c62be4f8_AMI,0560cdb158f32699fa8a113f7342cd36c62be4f8,1.735500438,0.6533268664,1.0821735716
0562d79edf882e4be8a5427ac1dd5d3f0c2b2d62_AMI,0562d79edf882e4be8a5427ac1dd5d3f0c2b2d62,0.131014794,-1.3010149971999998,1.4320297911999997
056611c5a4871625103bf78e2766090bdce3a9ec_AMI,056611c5a4871625103bf78e2766090bdce3a9ec,4.007275547,3.3674164194,0.6398591275999999
056ca36a715bf2075ebb06a299129a1f0c1bd8e0_AMI,056ca36a715bf2075ebb06a299129a1f0c1bd8e0,0.897566662,-1.9848115952999998,2.8823782573
056dae896823765e53bec96f480a650d00695b2d_AMI,056dae896823765e53bec96f480a650d00695b2d,1.897055869,-5.2795125061,7.1765683751
05797da58bdeab88b5b52060fe12ce16a9167960_AMI,05797da58bdeab88b5b52060fe12ce16a9167960,14.10536031,14.1238397066,0.018479396600000086
057b9e44ced2d550667e9e60a0ef54eead5e27bb_AMI,057b9e44ced2d550667e9e60a0ef54eead5e27bb,4.660370517,3.5010380738,1.1593324431999994
057f56c7fc0eb10b5366ea8fca2554a93b6fc8e9_AMI,057f56c7fc0eb10b5366ea8fca2554a93b6fc8e9,4.892181667,3.3658121497,1.5263695173
0580d41d9d2c9f3a1f1c69931ebbdef843f5207a_AMI,0580d41d9d2c9f3a1f1c69931ebbdef843f5207a,3.889116835,0.86338958750000006,3.0257272475
0590264e71f9a7384b65b3beb05cd18a8f3a3e4f_AMI,0590264e71f9a7384b65b3beb05cd18a8f3a3e4f,0.216818097,1.2912866446,1.0744685476
0593ec90be0679ee5485d176f07a7a37684d569e_AMI,0593ec90be0679ee5485d176f07a7a37684d569e,3.20900777,0.5295138110999998,2.6794939589
05963dc2c7402daa0d050a36e373c8d360465f9a_AMI,05963dc2c7402daa0d050a36e373c8d360465f9a,8.606804114,6.9601875175000005,1.6466165964999986
05a9227aac70b8143ae1fd5e6f1abea5f7fb1a2d_AMI,05a9227aac70b8143ae1fd5e6f1abea5f7fb1a2d,7.716981309,5.0410621122,2.6759191968000007
05b869a830c727546b195240768bd465faf19034_AMI,05b869a830c727546b195240768bd465faf19034,5.460520064,3.6462617764000003,1.8142582875999995
05ba5a9a222bcb64adf02b2b67385ef9637c7bbc_AMI,05ba5a9a222bcb64adf02b2b67385ef9637c7bbc,0.980379958,-1.8291231441,2.8095031021
05bc0fbcb89eb92272b2f002256c633a2e129729_AMI,05bc0fbcb89eb92272b2f002256c633a2e129729,3.354612647,-0.263157023,3.6177696700000004
05bc3cc0a7d9e68f67167d6a2ffd9ac15e4ed5a9_AMI,05bc3cc0a7d9e68f67167d6a2ffd9ac15e4ed5a9,2.182411927,-0.2159510026000001,2.3983629296
05be8bcf55c80785a092f1fab4ea9fd7ae6e9481_AMI,05be8bcf55c80785a092f1fab4ea9fd7ae6e9481,5.653996688,4.721911385,0.932085303
05c62aef2f2bbb032aeba2ab9ac754a4f616953f_AMI,05c62aef2f2bbb032aeba2ab9ac754a4f616953f,4.925981771,4.5919867902,0.3339949808
05ca0207af07c5ab0ad09ff1b2af188aad6b7f5a_AMI,05ca0207af07c5ab0ad09ff1b2af188aad6b7f5a,0.831077364,-3.6798127193,4.5108900833
05ca7fb5d65c0073c2226e79a5022695d3821ffb_AMI,05ca7fb5d65c0073c2226e79a5022695d3821ffb,0.427113289,1.6189099493,1.1917966603
05cad727a9b0257a14c8f557c62c84f5aae8234b_AMI,05cad727a9b0257a14c8f557c62c84f5aae8234b,0.887499249,1.9408925257999998,1.0533932767999998
05d54ec01cbee3bb0ca7c605da4e08736f714e10_AMI,05d54ec01cbee3bb0ca7c605da4e08736f714e10,4.341136349,4.6789970961,0.3378607470999997
05d5c561ac72a92f91e7590cd8f468075bcbf5f7_AMI,05d5c561ac72a92f91e7590cd8f468075bcbf5f7,0.296692195,-3.9376455117,4.2343377067
05ea7ec466bb44b316776da804d4d7c450161520_AMI,05ea7ec466bb44b316776da804d4d7c450161520,1.703970848,-3.7040702522,5.4080411002
05f66dc1ee906812db77cd71cd15a8181cdfb8f0_AMI,05f66dc1ee906812db77cd71cd15a8181cdfb8f0,1.612648856,3.4095060368,1.7968571807999998
05fb03daa6ed065b0b00be2c4f016897fa591e0b_AMI,05fb03daa6ed065b0b00be2c4f016897fa591e0b,3.437808252,1.0546829791,2.3831252729
05fc6bb1a3a03fb5a40b0a8ba0f5559b85867e29_AMI,05fc6bb1a3a03fb5a40b0a8ba0f5559b85867e29,7.523378893,4.3779050718,3.1454738212000004
0603c88cce4a236c3946569eab3427f7260c30f4_AMI,0603c88cce4a236c3946569eab3427f7260c30f4,5.481654033,5.3602556085,0.12139842449999971
0604cd2eded67068a4305cd12f3fb0f10a36eb76_AMI,0604cd2eded67068a4305cd12f3fb0f10a36eb76,0.103682024,-0.4326920452,0.5363740692
06060a2816a02500d49365f5a5111cf11607cee2_AMI,06060a2816a02500d49365f5a5111cf11607cee2,-1.705124703,-5.0289563926,3.3238316895999995
060dbe63fe2623a903c7da24742d3cd64f75279c_AMI,060dbe63fe2623a903c7da24742d3cd64f75279c,5.682462689,3.9069467446,1.7755159444000004
060ecabf93d3eb3d68669b41d194a63be1259b7d_AMI,060ecabf93d3eb3d68669b41d194a63be1259b7d,0.248852038,-4.8373567861,5.0862088241
060ef1e5296c5138aa1cd1451ccce18531a5a6d3_AMI,060ef1e5296c5138aa1cd1451ccce18531a5a6d3,5.02923623,4.0372426011,0.9919936289000004
061354b265e9222f73d52317e715c092d027198d_AMI,061354b265e9222f73d52317e715c092d027198d,2.081410218,-3.4211424772,5.5025526952
0617238dd1df33b3c80110358b91cfcda77ad371_AMI,0617238dd1df33b3c80110358b91cfcda77ad371,0.889477094,-0.2253147463000002,1.1147918403000001
06187c2cdc930e85bebbdb20eb2edd1bfb94886e_AMI,06187c2cdc930e85bebbdb20eb2edd1bfb94886e,1.678283618,1.311837459,0.3664461590000001
061f8b340d6427171d4ac7ab1ae3615bdd4f303a_AMI,061f8b340d6427171d4ac7ab1ae3615bdd4f303a,3.003576954,2.5509577534,0.45261920060000005
0629bc69bb9238c202e2bca8141c8373e295e250_AMI,0629bc69bb9238c202e2bca8141c8373e295e250,2.993240032,3.8876349103,0.8943948783
062d6b8cd847ba5ae69eda0e0241d5c1c38c9bfc_AMI,062d6b8cd847ba5ae69eda0e0241d5c1c38c9bfc,1.46670876,-3.4398505751,4.9065593351
062efbb83cf4ca3c51db0b1e436a5cf6ed946f1a_AMI,062efbb83cf4ca3c51db0b1e436a5cf6ed946f1a,8.753794173,6.2913849257,2.462409247299999
062fccddd857754089540c075839b996aa381f83_AMI,062fccddd857754089540c075839b996aa381f83,0.511222086,1.142768807,0.631546721
064a06b9f82ead89412bee9a34a2fef43369888d_AMI,064a06b9f82ead89412bee9a34a2fef43369888d,3.157012583,3.8881475658999998,0.7311349828999996
065f14c3008f3f166114a1697bc64b5da95969d6_AMI,065f14c3008f3f166114a1697bc64b5da95969d6,3.15756029,1.5009877257,1.6565725643000002
06626b8facbc6d2812dcf507df9d02e831c4a965_AMI,06626b8facbc6d2812dcf507df9d02e831c4a965,7.056390633,5.5427506863,1.5136399467000006
0664a117e4da041cb0880aa34c08bd3db7937549_AMI,0664a117e4da041cb0880aa34c08bd3db7937549,0.534573871,-6.3218442985,6.8564181695
066da6d6d64cf18ffa0fa56e0bcd040c4c53f45f_AMI,066da6d6d64cf18ffa0fa56e0bcd040c4c53f45f,3.318724745,-1.4640225880000002,4.782747333
067f15e6cf32d5841eef90e9bca345e45b66d8ac_AMI,067f15e6cf32d5841eef90e9bca345e45b66d8ac,-5.364181958,-8.3408886754,2.976706717400001
06813aa2cdad66678c311a5f7b7cb79fd8fb05d6_AMI,06813aa2cdad66678c311a5f7b7cb79fd8fb05d6,0.024346581,1.5050745938,1.4807280128
068d008a4df12486419b7bcb3bca125c315439f0_AMI,068d008a4df12486419b7bcb3bca125c315439f0,1.200311251,2.9461825379,1.7458712869
069252b9baa822372f4a933de03ee3aa9d47a627_AMI,069252b9baa822372f4a933de03ee3aa9d47a627,6.704083635,5.203305617,1.500778018
069591c862936345df4a01e76cd1499ba98ebe40_AMI,069591c862936345df4a01e76cd1499ba98ebe40,6.49584222,5.4374874285,1.0583547915000002
0699a78b0680f2ae31759b61e580651575396162_AMI,0699a78b0680f2ae31759b61e580651575396162,8.443957547,5.9989807065,2.4449768405
069e8b814d7e9d9b1d9694bc20c9734666ac80de_AMI,069e8b814d7e9d9b1d9694bc20c9734666ac80de,1.281025621,-11.608199984,12.889225605
06a7ccfc5c43642ceef9c777006c59553e75ed79_AMI,06a7ccfc5c43642ceef9c777006c59553e75ed79,0.160881561,0.7213927901,0.5605112291000001
06a9bea2a6adb06772ddfde56df40c5a8ba1f57d_AMI,06a9bea2a6adb06772ddfde56df40c5a8ba1f57d,6.289615839,4.0472728303,2.2423430087
06b43a861504832952ada8903eba1dffd98f24ab_AMI,06b43a861504832952ada8903eba1dffd98f24ab,4.725889665,2.8585498619,1.8673398031000006
06ca54b14af92247d669d67df769aa1121d68dbd_AMI,06ca54b14af92247d669d67df769aa1121d68dbd,-1.36132124,-4.0818844274,2.7205631874000002
06d1861d7c4660ce9782ead84dfac503865aa34d_AMI,06d1861d7c4660ce9782ead84dfac503865aa34d,4.378669412,1.7257721469999998,2.652897265
06dd95ab01092e517934cb306f0c0b54f2174fdb_AMI,06dd95ab01092e517934cb306f0c0b54f2174fdb,1.524894338,3.3503219722999997,1.8254276342999998
06df77b0e7c61b7cd459f3ae27f83c8765ab45f2_AMI,06df77b0e7c61b7cd459f3ae27f83c8765ab45f2,4.495732629,2.9516745396,1.5440580894
06eb37f321c7f09492760e416886c3d7f2ff3210_AMI,06eb37f321c7f09492760e416886c3d7f2ff3210,0.007990067,1.0266962125,1.0187061455000002
06f837cac84e0f4360e252ecb7f2959c7b2de67c_AMI,06f837cac84e0f4360e252ecb7f2959c7b2de67c,8.129336356,5.965956823,2.1633795329999996
06f8e87b58817c9342b9011d29324091173f6160_AMI,06f8e87b58817c9342b9011d29324091173f6160,1.522480237,4.4827248635,2.9602446264999998
06fb545d454c0fe6f7ff1af60c788932f2b3f89f_AMI,06fb545d454c0fe6f7ff1af60c788932f2b3f89f,2.86428757,2.621491656,0.24279591400000022
06fe6f9343cc34b748bfc38c41206a50b6629d27_AMI,06fe6f9343cc34b748bfc38c41206a50b6629d27,0.896802392,-1.2033146647,2.1001170567
0701e160487d24ec6b5624a6c6e97b2185d46fc4_AMI,0701e160487d24ec6b5624a6c6e97b2185d46fc4,2.908714381,-1.7487004393999999,4.6574148204
07070db1e95f41c64ec5dc2b8e2b9adcd4cb47ea_AMI,07070db1e95f41c64ec5dc2b8e2b9adcd4cb47ea,4.743090953,3.044201937,1.6988890160000003
0709e1c787beb82db8542bb22c187921ef9e3a2d_AMI,0709e1c787beb82db8542bb22c187921ef9e3a2d,1.30984885,1.2584958765999998,0.051352973400000224
070c8d261536ac07f6bfe2e3c48bc7d45e492982_AMI,070c8d261536ac07f6bfe2e3c48bc7d45e492982,2.447987269,2.0500883754,0.39789889359999986
070e8bb48301c216f6912c6bbc8769c1adee835a_AMI,070e8bb48301c216f6912c6bbc8769c1adee835a,3.829954945,0.9419785085999998,2.8879764364000002
070faae38610468521b02e485055e87c50a89ef3_AMI,070faae38610468521b02e485055e87c50a89ef3,4.075586763,0.19080500289999996,3.8847817600999996
0713ee0598e98ce2863c6b9d66e5d7d44b0a6495_AMI,0713ee0598e98ce2863c6b9d66e5d7d44b0a6495,-0.024098846,-2.4838861808,2.4597873348
071e86a937c3f33d1be07b0c945f60a01372c10c_AMI,071e86a937c3f33d1be07b0c945f60a01372c10c,-6.752533414,-11.548924063000001,4.796390649000001
07251259aedc0ec3e3425cf1ef6ba941aaf88b19_AMI,07251259aedc0ec3e3425cf1ef6ba941aaf88b19,1.379074009,-1.8501834392,3.2292574482000003
07293bf3cc262f7443496ba6ef3f4c8e9b84023e_AMI,07293bf3cc262f7443496ba6ef3f4c8e9b84023e,6.603300597,0.7109545329,5.8923460641
0733b3f7466dd4bd59eb677e987e2b970c3992c8_AMI,0733b3f7466dd4bd59eb677e987e2b970c3992c8,1.411288533,2.1741086992,0.7628201662
073611b7f4c554cc63a710f8df76c1b335ee1051_AMI,073611b7f4c554cc63a710f8df76c1b335ee1051,1.675253226,-1.2995452163999999,2.9747984424
07390551ac4595d25b629bc1d147bf9ee1051dcc_AMI,07390551ac4595d25b629bc1d147bf9ee1051dcc,-0.453051424,-5.6461110279,5.1930596039
07488f177426d3ca4f3d8cd04bf08c7862060a97_AMI,07488f177426d3ca4f3d8cd04bf08c7862060a97,0.465364528,1.2974148533,0.8320503253
074fe290e37b9a4eeb46a7381afc9d9794a77dbc_AMI,074fe290e37b9a4eeb46a7381afc9d9794a77dbc,5.118463605,5.2493978716,0.13093426660000063
075051c7add1325ea3fceed9879645a9358bfcf7_AMI,075051c7add1325ea3fceed9879645a9358bfcf7,0.204448273,0.5468425613999999,0.34239428839999986
075a794d4a564c1492efb9c83988abd30785491f_AMI,075a794d4a564c1492efb9c83988abd30785491f,2.859191213,0.08444403439999998,2.7747471785999998
07625ff55fa7b3c304e79f2fa9bc270363c1365b_AMI,07625ff55fa7b3c304e79f2fa9bc270363c1365b,1.64992783,-2.2253901561,3.8753179861
0763db77774ae478eef919011792992e83c6f449_AMI,0763db77774ae478eef919011792992e83c6f449,8.137276228,4.767056892,3.370219335999999
0766370d651147579778280ba19193f39b10e735_AMI,0766370d651147579778280ba19193f39b10e735,4.379713001,3.3946602862999997,0.9850527147000001
076ad9512b73a449259a25976ba8d783a0803138_AMI,076ad9512b73a449259a25976ba8d783a0803138,0.444251749,-1.2537804341,1.6980321831
07726390ad820cdb736a72699d7be56a6f35090b_AMI,07726390ad820cdb736a72699d7be56a6f35090b,3.23007854,1.5156872478,1.7143912922
07747649ef03e64d1df6e5773b45755070da4045_AMI,07747649ef03e64d1df6e5773b45755070da4045,1.654849983,0.2015676857,1.4532822973000001
07754894e09193eaa4d6058235adb3eaddb27b2e_AMI,07754894e09193eaa4d6058235adb3eaddb27b2e,0.154150592,-2.7831397016,2.9372902936000003
077e229efbe9d2954e48f2bda3469c0e8d7b46e7_AMI,077e229efbe9d2954e48f2bda3469c0e8d7b46e7,3.659998284,6.3530586819,2.6930603979000005
077e60f37d7d2d9b903197a8b9ce954ff07d25ce_AMI,077e60f37d7d2d9b903197a8b9ce954ff07d25ce,0.38149234,-0.04170211909999999,0.4231944591
077e8b650919d3bb17297e8af077bd16fd15e7ac_AMI,077e8b650919d3bb17297e8af077bd16fd15e7ac,6.559990295,9.2281060375,2.6681157424999995
078241ce7d0b2129c05f65d23af0df72ac0220af_AMI,078241ce7d0b2129c05f65d23af0df72ac0220af,2.683513338,-2.1817670564,4.8652803944
0785060c4ccc45708f5ebf2c2e1ce9a5bc58b749_AMI,0785060c4ccc45708f5ebf2c2e1ce9a5bc58b749,0.693637491,-3.3772508961,4.0708883871
0787e42ea6cb8d6f99d5fa6b8be1fb1fc217834e_AMI,0787e42ea6cb8d6f99d5fa6b8be1fb1fc217834e,0.343794142,-0.7022281403999999,1.0460222824
078d85c9c6d755fd0ea53622cf2a519dcb6fab77_AMI,078d85c9c6d755fd0ea53622cf2a519dcb6fab77,5.947550427,6.3555724080000005,0.4080219810000001
0790a324cc0227797a1ba5f69b9719dd47a19c84_AMI,0790a324cc0227797a1ba5f69b9719dd47a19c84,2.307826496,2.3921368928,0.08431039679999985
0792e254ca3be8c13c4dc1f8a5b00148e33a5597_AMI,0792e254ca3be8c13c4dc1f8a5b00148e33a5597,8.199899498,5.9722485505,2.227650947500001
07a0073a9efdb77910230b98577ad481f7bc3e57_AMI,07a0073a9efdb77910230b98577ad481f7bc3e57,2.060124166,-0.8318637462,2.8919879122000003
07a0b40a2cf64b2051e52cd35d42aeb9ab363b2e_AMI,07a0b40a2cf64b2051e52cd35d42aeb9ab363b2e,8.184397496,5.8586767771,2.3257207189000004
07a7a273c7b391f06c3abca80b37d0a01485dbf3_AMI,07a7a273c7b391f06c3abca80b37d0a01485dbf3,1.087582456,0.4535356501,0.6340468059
07b4f07faa3485b13da8ebf700ee1adb27e11e16_AMI,07b4f07faa3485b13da8ebf700ee1adb27e11e16,0.724233175,-0.4095205532000002,1.1337537282
07bd609fc2da785ce6bf0ec07ae8292f5a5d7e98_AMI,07bd609fc2da785ce6bf0ec07ae8292f5a5d7e98,-1.694563242,-5.9282600043,4.2336967623
07bfe00d86668e2093352603ff17ee699bdccee9_AMI,07bfe00d86668e2093352603ff17ee699bdccee9,3.845508845,3.4962868084000003,0.3492220365999996
07c2de661b3bc9457234983aa5edb248dab26ca2_AMI,07c2de661b3bc9457234983aa5edb248dab26ca2,1.763357379,1.0769894352,0.6863679437999999
07c6398c6570df864ca67750c504231f3e510cc1_AMI,07c6398c6570df864ca67750c504231f3e510cc1,2.176770697,2.1826588475,0.005888150500000133
07c8ff0ebf109a402775e4710c1662a16522e48f_AMI,07c8ff0ebf109a402775e4710c1662a16522e48f,0.202833806,1.2146669915000001,1.0118331855
07db774207ae6d7af431276222344e86c8c1a716_AMI,07db774207ae6d7af431276222344e86c8c1a716,0.505478139,-2.4835255186,2.9890036576
07e098eccb25a59af06c5989c15df8cc5d244a41_AMI,07e098eccb25a59af06c5989c15df8cc5d244a41,0.789111927,-0.3394569020000001,1.1285688290000002
07e18795380812cd07248d09237880087a169ff4_AMI,07e18795380812cd07248d09237880087a169ff4,1.152937374,-0.1472442415999999,1.3001816156
07e1e16b29277ea946c69b5e53b3dd5399a7e162_AMI,07e1e16b29277ea946c69b5e53b3dd5399a7e162,6.778605511,5.9771272385,0.8014782725000007
07f036d9ac8a4c58385db36d8441e879daabf5eb_AMI,07f036d9ac8a4c58385db36d8441e879daabf5eb,3.788690491,3.9593164127000002,0.17062592170000013
07f313b5388c3cb608bfe160a9c955b9aac47ce7_AMI,07f313b5388c3cb608bfe160a9c955b9aac47ce7,4.105460036,4.6497987032,0.5443386671999999
07f91bc428a9748c6f43a91207b5fdf8b24ffad7_AMI,07f91bc428a9748c6f43a91207b5fdf8b24ffad7,4.501840353,3.9907314093,0.5111089437000005
080535f2b1c1a0dec2a7c3c5ab0ed11dec1c7f0e_AMI,080535f2b1c1a0dec2a7c3c5ab0ed11dec1c7f0e,4.535223755,1.1904323592,3.3447913957999997
081da4acafa4331bc789733b32d563ce9bb475e8_AMI,081da4acafa4331bc789733b32d563ce9bb475e8,7.555441348,5.1837583938,2.3716829541999997
08251833cf5c5e02564f1735aae90bcf8644d1d2_AMI,08251833cf5c5e02564f1735aae90bcf8644d1d2,5.475186305,6.3920951516,0.9169088466000002
083035551a3bcb5647e2d4b95cae2d632fef60b7_AMI,083035551a3bcb5647e2d4b95cae2d632fef60b7,-3.283286784,-2.1375399476,1.1457468363999999
083105d9160c8eb0fbd3406437e1227cf67467e1_AMI,083105d9160c8eb0fbd3406437e1227cf67467e1,8.03252255,7.0834398609,0.949082689099999
083ae99fe1d969c64b0e655385684274f615f611_AMI,083ae99fe1d969c64b0e655385684274f615f611,0.737918272,2.4901871597,1.7522688877000001
084580c4f6b5fb0de56d21a9614d7c224c4e616e_AMI,084580c4f6b5fb0de56d21a9614d7c224c4e616e,-9.84277875,-11.5304790858,1.687700335799999
084701ec98e28afd12b21b0e54ade6761652ff77_AMI,084701ec98e28afd12b21b0e54ade6761652ff77,4.42386996,6.5578722127999995,2.1340022527999993
08476a0d84435d68140c6b60dc59e3d24bf43cd1_AMI,08476a0d84435d68140c6b60dc59e3d24bf43cd1,4.954629811,3.6135560707,1.3410737403000001
08482deda5100f443f91b1b9092bcc37d30a83b7_AMI,08482deda5100f443f91b1b9092bcc37d30a83b7,5.026830347,0.08258054120000008,4.944249805799999
085d70da852b8a5202c4761f65996483db9f0e3f_AMI,085d70da852b8a5202c4761f65996483db9f0e3f,-3.928937355,-8.4507905088,4.5218531538
08686d643337a0d3a0f90593e10fa3b3c8542c1c_AMI,08686d643337a0d3a0f90593e10fa3b3c8542c1c,0.897845737,-3.6784802019,4.5763259389
086b12731727c771452c915b9d7956eea48abb4a_AMI,086b12731727c771452c915b9d7956eea48abb4a,1.816005058,-2.7848076749,4.6008127329
086faee20da07d362abdfe13d37efbcb309cc642_AMI,086faee20da07d362abdfe13d37efbcb309cc642,1.391420242,2.0757872515,0.6843670095000001
0875ad8bab396acde9776baac746576af44dbb7d_AMI,0875ad8bab396acde9776baac746576af44dbb7d,2.814442999,-1.7707522420000001,4.585195241
0876f76821b7239130ade2122c20382055a5ff35_AMI,0876f76821b7239130ade2122c20382055a5ff35,-1.725621855,-4.3633898053,2.6377679502999998
0879c0d54caa28d8f15b665fe5205f33f3ee1eaa_AMI,0879c0d54caa28d8f15b665fe5205f33f3ee1eaa,0.417139312,1.4274193143,1.0102800023
087bbdc87430819a4ae830a1fcfe32294c03f832_AMI,087bbdc87430819a4ae830a1fcfe32294c03f832,4.496777855,0.9631328418,3.5336450132
087bf2682dade9cd339e9ac37232139d915a9c4c_AMI,087bf2682dade9cd339e9ac37232139d915a9c4c,5.267970582,1.7875840668,3.4803865152
0889441cc06b05e9f6663a75c1f4c4d41afb9b39_AMI,0889441cc06b05e9f6663a75c1f4c4d41afb9b39,2.519171867,1.8600585488999999,0.6591133181
088ea950ad39163634b248fd8b8a47dd976d5cd6_AMI,088ea950ad39163634b248fd8b8a47dd976d5cd6,6.65499402,4.8576107049,1.7973833151000003
089cd461ad4dc2de263ab535211d0dfaa73ea90c_AMI,089cd461ad4dc2de263ab535211d0dfaa73ea90c,2.821627167,-0.9221273858000001,3.7437545528
08a26c0bc189dee63cc3e5b52360b495b7ebff30_AMI,08a26c0bc189dee63cc3e5b52360b495b7ebff30,0.732385772,0.23148899289999997,0.5008967791000001
08af41da01e8adcc60351cafdc4f3cbe2dd9c765_AMI,08af41da01e8adcc60351cafdc4f3cbe2dd9c765,3.638869392,3.0982649948,0.5406043972000001
08cec2320569c27e88dc9a777b67d1c744b96e7d_AMI,08cec2320569c27e88dc9a777b67d1c744b96e7d,1.561998437,-2.1010288804999995,3.663027317499999
08d36c9f2d8eeb775fa82b29ce32d56a268159a3_AMI,08d36c9f2d8eeb775fa82b29ce32d56a268159a3,3.114889579,0.04200493129999971,3.0728846477000005
08d7cf1c0972c9d054816c8fb3948a15c8623922_AMI,08d7cf1c0972c9d054816c8fb3948a15c8623922,7.899734311,11.2135324706,3.313798159600001
08dc3499d6c10af7be1a3f8b3c0743ff2b63564a_AMI,08dc3499d6c10af7be1a3f8b3c0743ff2b63564a,2.529698523,5.8929754299,3.3632769069
08e0e6cd8c038603f93bd33ca2961170308cb913_AMI,08e0e6cd8c038603f93bd33ca2961170308cb913,0.871957583,-0.3837672044,1.2557247874000002
08e25a12fc50e7a13a3a82e9a9c45db30abe9691_AMI,08e25a12fc50e7a13a3a82e9a9c45db30abe9691,1.240089979,-8.4361004204,9.676190399400001
08e94410bd8f7b3c31b337649f2915244d6d3171_AMI,08e94410bd8f7b3c31b337649f2915244d6d3171,2.935954578,3.3863662751,0.45041169709999984
08fd0d73f948ec179bab97232568a65e46813bed_AMI,08fd0d73f948ec179bab97232568a65e46813bed,2.071719527,1.3897677819,0.6819517450999999
09016583fe32309b73ab99271b213d822c67092a_AMI,09016583fe32309b73ab99271b213d822c67092a,1.979680622,0.773386892,1.20629373
0906d7e45a5b23b48cf14a65ed02e5af446d21ff_AMI,0906d7e45a5b23b48cf14a65ed02e5af446d21ff,2.319322667,-2.1698066312,4.4891292982
0907c58bc6154aa42bfd7e31a612c10bded8b879_AMI,0907c58bc6154aa42bfd7e31a612c10bded8b879,1.066282079,-0.5295850493,1.5958671283
090b9134389251b02d42f71d1a5d54a70a46587c_AMI,090b9134389251b02d42f71d1a5d54a70a46587c,2.462587575,6.143241601500001,3.6806540265000005
0910162a4ca4cb4f0836be06bc83cb54adae022a_AMI,0910162a4ca4cb4f0836be06bc83cb54adae022a,6.179611134,4.7973688666,1.3822422673999997
09107a92cc0a67669d53621b83814ea4d30ef7ea_AMI,09107a92cc0a67669d53621b83814ea4d30ef7ea,5.175985361,4.5193275653,0.6566577957000002
0916a5bca584f2a6e88e562e258472fdd21bd9d8_AMI,0916a5bca584f2a6e88e562e258472fdd21bd9d8,6.883302433,6.8802400791,0.00306235389999987
0919655bc2aac11f4de22e165821273681e5a141_AMI,0919655bc2aac11f4de22e165821273681e5a141,0.862901451,-2.5197111083,3.3826125593
091a51b56b6d317779d49cfeb08c760fb1578100_AMI,091a51b56b6d317779d49cfeb08c760fb1578100,1.146512003,-2.5014090799,3.6479210829
09264694082c8537ab837343787de35156e36226_AMI,09264694082c8537ab837343787de35156e36226,2.957254478,-0.6726359228,3.6298904008
093243b9f289172f259ea373df45282e52505cba_AMI,093243b9f289172f259ea373df45282e52505cba,2.367528435,3.2846114799,0.9170830449
0933be212340bb919dfc610ef4968f053a5fc61d_AMI,0933be212340bb919dfc610ef4968f053a5fc61d,1.65781572,-2.3734118898000003,4.0312276098
09389e35dd238ed98ae5af84d445bf51618f9d54_AMI,09389e35dd238ed98ae5af84d445bf51618f9d54,-1.842946104,-8.4984892762,6.655543172200001
09415593e4482bea4ca282ba8865c64773f3ddc9_AMI,09415593e4482bea4ca282ba8865c64773f3ddc9,1.450715186,1.4496929064000001,0.001022279599999898
094bb894035645b635e048a3c84d3e4e67207c19_AMI,094bb894035645b635e048a3c84d3e4e67207c19,0.264294547,-2.2887974271,2.5530919741
094c8af73237d8b7eb2787d45616737f9467c364_AMI,094c8af73237d8b7eb2787d45616737f9467c364,0.844100834,-0.058839683000000004,0.902940517
095268b1ec1601e0196fab2622710d59505e24e2_AMI,095268b1ec1601e0196fab2622710d59505e24e2,1.191570705,-1.6382864039,2.8298571088999998
095acb36136b2388f01ab8f3fe60f061471154d9_AMI,095acb36136b2388f01ab8f3fe60f061471154d9,3.774468993,3.3624617167,0.4120072763000002
0966600bfa5df03cc7f2f06511591b5c223b8fe5_AMI,0966600bfa5df03cc7f2f06511591b5c223b8fe5,0.519222947,0.5020530919999999,0.017169855000000123
096a11f43d66c9393d36a043567fbd3f74e60fea_AMI,096a11f43d66c9393d36a043567fbd3f74e60fea,7.019463528,5.5387938664,1.4806696616000004
096b2f403387a76694b5d8fe75220d98c471a02f_AMI,096b2f403387a76694b5d8fe75220d98c471a02f,7.727285643,5.1382394805,2.5890461625
096da005529f1421e9323cdf7d69138b4e486f36_AMI,096da005529f1421e9323cdf7d69138b4e486f36,0.057869322,-4.1773003724999995,4.2351696945
09719226aabdd28532922e8135099e9f7c8b50fb_AMI,09719226aabdd28532922e8135099e9f7c8b50fb,4.580814397,2.6237199106,1.9570944864
09770f1ce71c169e66d21677b82781688b677041_AMI,09770f1ce71c169e66d21677b82781688b677041,0.17214271,-1.9818223019,2.1539650119
09799aa7ca10b939da6bc9b12080e854e9979342_AMI,09799aa7ca10b939da6bc9b12080e854e9979342,3.085218927,0.30064414140000006,2.7845747856000003
09894184cfba3cbcaee3595354fc2b33c3c70570_AMI,09894184cfba3cbcaee3595354fc2b33c3c70570,8.132909723,6.3554358772,1.7774738457999995
098c5041cad405eeda2d7637301190b2d5d32bde_AMI,098c5041cad405eeda2d7637301190b2d5d32bde,7.578716983,6.2553341914,1.3233827915999994
099205742554355472527671da92ff82aca6208d_AMI,099205742554355472527671da92ff82aca6208d,3.071473249,-3.1211827963000003,6.1926560453
0999e42416dae15381ffcb38f3eefbecaaef69a6_AMI,0999e42416dae15381ffcb38f3eefbecaaef69a6,5.561134286,5.0073613616,0.5537729243999996
09a4a35863308fa6f59eaafe180480063ea71372_AMI,09a4a35863308fa6f59eaafe180480063ea71372,5.650812352,7.9527360213,2.3019236693
09a4e51a4f525971c1e80a3d55e3f3a079dd830a_AMI,09a4e51a4f525971c1e80a3d55e3f3a079dd830a,1.076845291,0.5107200715,0.5661252194999999
09a6ed44d759e5ac4df049621a9fbe7cdc7fac00_AMI,09a6ed44d759e5ac4df049621a9fbe7cdc7fac00,2.233046751,1.5347003656,0.6983463853999998
09aa275f2b6e77c6f8d668dece1e58b1941945d5_AMI,09aa275f2b6e77c6f8d668dece1e58b1941945d5,-12.43942828,-11.9381031685,0.5013251114999999
09b041c64bef7cf322b599d40af1446d7d837a67_AMI,09b041c64bef7cf322b599d40af1446d7d837a67,1.0824847420000001,5.2803280405,4.1978432985
09b3d5913101153933c79af02a73c0b8d57be777_AMI,09b3d5913101153933c79af02a73c0b8d57be777,2.365940497,1.704750836,0.6611896609999999
09b5129b098b49069eae99899f290600930a137d_AMI,09b5129b098b49069eae99899f290600930a137d,1.050577227,0.1434261190999999,0.9071511079000001
09b8286396cf11afc259949c0d28bf48eba0a830_AMI,09b8286396cf11afc259949c0d28bf48eba0a830,0.855355045,0.4712148488,0.38414019620000006
09ba0ebf6e368dc2334ecd4e3ab63b8bc33a3dbb_AMI,09ba0ebf6e368dc2334ecd4e3ab63b8bc33a3dbb,0.844292082,-1.4211711598,2.2654632418
09c07f661e751e6615de8d8cea8cd59d42932b89_AMI,09c07f661e751e6615de8d8cea8cd59d42932b89,0.095864451,-1.5276778262999997,1.6235422772999997
09c4ccfdb2262446349a066338fa15b6160b99fe_AMI,09c4ccfdb2262446349a066338fa15b6160b99fe,3.924961713,1.0168278376000002,2.9081338754
09c9367903c358c02905621c263b185724c164ac_AMI,09c9367903c358c02905621c263b185724c164ac,2.692062867,-1.0181297464999999,3.7101926135000003
09d11541954aa426c7a35b06e8470232907bcb41_AMI,09d11541954aa426c7a35b06e8470232907bcb41,3.416113321,2.2000927227,1.2160205983
09d1438a1f23313ac05a0f12c20e971ddd646f6f_AMI,09d1438a1f23313ac05a0f12c20e971ddd646f6f,5.837752206,4.9439363964,0.8938158096000004
09d3a46da856944034d3b180fde5127b1620cc2e_AMI,09d3a46da856944034d3b180fde5127b1620cc2e,5.284514144,6.3066121585,1.0220980145
09d81ad3dc3966b8d0cb444359c9a9e05fa3067a_AMI,09d81ad3dc3966b8d0cb444359c9a9e05fa3067a,-5.917021553,-9.7190355449,3.802013991900001
09da2c0798f3157d3cd0f6da972231a340275be5_AMI,09da2c0798f3157d3cd0f6da972231a340275be5,0.474327565,1.4219256941999998,0.9475981291999998
09fa62aa2227619e39ff95bd93f12be88df5704c_AMI,09fa62aa2227619e39ff95bd93f12be88df5704c,1.809183544,0.7909957808,1.0181877631999998
0a035661d79db53683c3fb07e65e256495ed68c3_AMI,0a035661d79db53683c3fb07e65e256495ed68c3,4.020280779,3.6332218739,0.38705890509999996
0a0b991f715b50ce710fbe281a5093714eee0b09_AMI,0a0b991f715b50ce710fbe281a5093714eee0b09,7.725454249,6.1211775666,1.6042766824
0a0c7b6b358032bfe7a1d6324f2b4fcd92ac420c_AMI,0a0c7b6b358032bfe7a1d6324f2b4fcd92ac420c,1.167887179,0.7163570459999999,0.4515301330000001
0a17f7e02e9180e46b88179cb75a77b6c10e87b1_AMI,0a17f7e02e9180e46b88179cb75a77b6c10e87b1,2.133503797,4.3749929968,2.2414891997999997
0a187249bcc307a6aceb5e15b15d7abcbc865c42_AMI,0a187249bcc307a6aceb5e15b15d7abcbc865c42,0.728846896,-1.4392454304000002,2.1680923264
0a1a0d79d3249509505d8f8dee4debe9e5117711_AMI,0a1a0d79d3249509505d8f8dee4debe9e5117711,8.382999553,6.2999859227,2.083013630299999
0a2997b8fd8c4c4d2b2decf8f0cf66e797188294_AMI,0a2997b8fd8c4c4d2b2decf8f0cf66e797188294,2.617226444,1.8995240741000001,0.7177023698999998
0a2a43096df6f0fabe52f700e3c91ae3ab785e59_AMI,0a2a43096df6f0fabe52f700e3c91ae3ab785e59,1.015936375,-1.4789051814999998,2.4948415565
0a2d22f4c8863ce0c268092e8df2986a9ae4f366_AMI,0a2d22f4c8863ce0c268092e8df2986a9ae4f366,-1.148183504,-6.048362361400001,4.9001788574
0a4016abc9cdfa8c7741b3c93e455db69622aa99_AMI,0a4016abc9cdfa8c7741b3c93e455db69622aa99,1.881606548,4.028593118,2.14698657
0a4cf90e9966b45fa337cdb28a199ea44abed4b4_AMI,0a4cf90e9966b45fa337cdb28a199ea44abed4b4,0.171052565,-2.94642266,3.117475225
0a4fe9b6626cadc09202bd4f2a8628ed89de2346_AMI,0a4fe9b6626cadc09202bd4f2a8628ed89de2346,6.391797764,6.5042857402,0.11248797620000062
0a5089988ddf96930bfffbc5e854430778c501f9_AMI,0a5089988ddf96930bfffbc5e854430778c501f9,4.513418632,3.7932444307,0.7201742012999994
0a5ee153894bedc870aae216275be66c44662927_AMI,0a5ee153894bedc870aae216275be66c44662927,2.822237284,0.38469259370000003,2.4375446902999998
0a5f22d122ef2aebeb26f292835e5118221cd542_AMI,0a5f22d122ef2aebeb26f292835e5118221cd542,5.034943066,3.8200006865000002,1.2149423795
0a61ea52a734201b26093e71349fa75e429450ff_AMI,0a61ea52a734201b26093e71349fa75e429450ff,1.259384573,-3.0027682452,4.2621528182
0a636d13547e1afe017a965086867df6e58f837c_AMI,0a636d13547e1afe017a965086867df6e58f837c,3.712337663,-0.5103902166000002,4.2227278796
0a6f43e974428f816a96893b493c814b688d91fe_AMI,0a6f43e974428f816a96893b493c814b688d91fe,2.940406964,3.6079055063,0.6674985422999997
0a71b124ec1d221a3eaffc339a2ded3fcd56a5a9_AMI,0a71b124ec1d221a3eaffc339a2ded3fcd56a5a9,1.925894776,0.078109914,1.8477848620000001
0a7a8aae04a1ccfaa1fe3aac583a4a1d30b0ddfa_AMI,0a7a8aae04a1ccfaa1fe3aac583a4a1d30b0ddfa,5.116378643,4.9899223864,0.12645625660000004
0a7ecaea76dbd0af2e6be3d0e63d35c409325458_AMI,0a7ecaea76dbd0af2e6be3d0e63d35c409325458,0.805364705,-0.373125562,1.178490267
0a7f165e6014b51c219c539a95201397fe509d31_AMI,0a7f165e6014b51c219c539a95201397fe509d31,3.409505817,1.0730165774999998,2.3364892395
0a87e81952900b044ceceb51f0f69f6e4b8ac196_AMI,0a87e81952900b044ceceb51f0f69f6e4b8ac196,4.502966528,3.3152563221,1.1877102058999998
0a8d1f2c80082c1e7ec3627cff380244708ea5df_AMI,0a8d1f2c80082c1e7ec3627cff380244708ea5df,2.570853084,-0.46989788390000004,3.0407509678999998
0a8e59f9cb79e49b77cca1ca76f4d5acfe154dd0_AMI,0a8e59f9cb79e49b77cca1ca76f4d5acfe154dd0,3.727218433,-1.1866196309000001,4.9138380639
0a924e94700dd57ca90f31ab18f2a72fb4247a6b_AMI,0a924e94700dd57ca90f31ab18f2a72fb4247a6b,5.231906053,2.7186011974,2.5133048556000004
0a93565bfdbfd881c54c8cfe74c40a08e9680f76_AMI,0a93565bfdbfd881c54c8cfe74c40a08e9680f76,1.489025672,3.0167338274,1.5277081554
0aa7235aacf212b6e402112945d69bcc7e10af86_AMI,0aa7235aacf212b6e402112945d69bcc7e10af86,1.341858034,-3.4224432486000005,4.7643012826
0aabc4f681c4801ac279aff336ac62f6632e0640_AMI,0aabc4f681c4801ac279aff336ac62f6632e0640,0.727924128,0.9948865176,0.26696238960000007
0abcbc915aca30beb3f3ed8aad02d58fbd78447a_AMI,0abcbc915aca30beb3f3ed8aad02d58fbd78447a,3.599647021,1.7714839724,1.8281630486
0abd86aa7cfbcdb51e6033d6b201fdab5052fa1f_AMI,0abd86aa7cfbcdb51e6033d6b201fdab5052fa1f,0.161864667,-0.4007986772,0.5626633442
0ac3bb39e299eccb3868f8c9ed7db836ab3d55aa_AMI,0ac3bb39e299eccb3868f8c9ed7db836ab3d55aa,3.439910131,2.3771564852,1.0627536458
0ac8ea1ed90f02adf8baca03b1ff1607de448e86_AMI,0ac8ea1ed90f02adf8baca03b1ff1607de448e86,0.474408746,-1.211194788,1.685603534
0acf74a93e7edac2e72bc05f1aad311a79c53ce1_AMI,0acf74a93e7edac2e72bc05f1aad311a79c53ce1,1.556635748,1.7572573795,0.2006216315
0ad1ee1f3acf417e7cf5ebe69a0aa8081cc9414b_AMI,0ad1ee1f3acf417e7cf5ebe69a0aa8081cc9414b,1.911355715,-0.37627885400000005,2.287634569
0ad88704e47661d71675e6d2818c49e7793e3a16_AMI,0ad88704e47661d71675e6d2818c49e7793e3a16,2.359396201,-1.654274552,4.0136707529999995
0ae5dadc4a120905366caa3141ea97437e3a841b_AMI,0ae5dadc4a120905366caa3141ea97437e3a841b,1.179517314,-1.1081704270000001,2.287687741
0aee0989412c65b42fccebce3bec1ff91862cced_AMI,0aee0989412c65b42fccebce3bec1ff91862cced,3.779094893,1.5076071643,2.2714877287
0aef38734371086ab2678c4a22681a0060a22c31_AMI,0aef38734371086ab2678c4a22681a0060a22c31,2.505110941,0.45824601299999995,2.0468649279999998
0af8f14982852d25d441d098b25a871f4fb6a57b_AMI,0af8f14982852d25d441d098b25a871f4fb6a57b,2.093047804,-3.2697429898,5.3627907938
0aff3875ad96b0df49779a8a15667674eaa3ed0a_AMI,0aff3875ad96b0df49779a8a15667674eaa3ed0a,0.535848951,-0.37653471369999997,0.9123836646999999
0b0079e204bc10eb353906561e72c7330c9336ab_AMI,0b0079e204bc10eb353906561e72c7330c9336ab,-4.201066485,-6.9066252624,2.7055587774000003
0b00a871051f0ab6ad2d5c3e1cbbdebcb1c63901_AMI,0b00a871051f0ab6ad2d5c3e1cbbdebcb1c63901,1.82036405,-3.6525960643,5.4729601143
0b027c8a52b17ea4df07f8e8a3c447ce6a7c3c06_AMI,0b027c8a52b17ea4df07f8e8a3c447ce6a7c3c06,4.828830949,1.2780711496000001,3.5507597994
0b03fb424d0e5427ae3fc2d6b0e85508a688ce30_AMI,0b03fb424d0e5427ae3fc2d6b0e85508a688ce30,3.083980261,-1.0292043442,4.1131846052
0b0f3b8ecff9f892f2c4fa80d133144378f9fbbf_AMI,0b0f3b8ecff9f892f2c4fa80d133144378f9fbbf,0.880722197,-8.976174114500001,9.856896311500002
0b116f5bdae3949f9bfaafca80419ac6de2cca7c_AMI,0b116f5bdae3949f9bfaafca80419ac6de2cca7c,2.739146747,1.320646885,1.418499862
0b1b082f9b5b176dda72590a91634aa4b66caeac_AMI,0b1b082f9b5b176dda72590a91634aa4b66caeac,0.709820037,-2.1556108333,2.8654308703
0b2a872fb64497134cabe83719ad8cb7c04f8cf8_AMI,0b2a872fb64497134cabe83719ad8cb7c04f8cf8,1.275318192,0.4791364553,0.7961817367000001
0b2b210591ee7a043e1a3f82ef06cefa7354d283_AMI,0b2b210591ee7a043e1a3f82ef06cefa7354d283,2.789526447,3.5577182362,0.7681917891999999
0b3cff3d6016ef6e3064506f9e0c59d0aadc02ba_AMI,0b3cff3d6016ef6e3064506f9e0c59d0aadc02ba,7.019903128,6.7450343966,0.2748687313999998
0b41a2c1c7554159f7d172c3440c6cc9f773d2ba_AMI,0b41a2c1c7554159f7d172c3440c6cc9f773d2ba,8.331498856,6.0412078241,2.2902910319
0b4d00beaa09d37c87fce1cf3b8f5069fffb9fd6_AMI,0b4d00beaa09d37c87fce1cf3b8f5069fffb9fd6,1.776933846,-0.26202072099999996,2.0389545669999998
0b53881a3baf292eb419ea169a8debfcb398831d_AMI,0b53881a3baf292eb419ea169a8debfcb398831d,-0.346127728,-1.0964013122,0.7502735842
0b53f3f8971064f1153ad7f7693eac234de2e590_AMI,0b53f3f8971064f1153ad7f7693eac234de2e590,0.487082379,-4.830204167,5.317286546
0b545dde65cba553a89b6463019f3d5c7c5e5f2f_AMI,0b545dde65cba553a89b6463019f3d5c7c5e5f2f,-1.455732446,-3.6349282177999998,2.1791957718
0b5b55c7aaccc5abddfe20c23ab0f5dfe3b68acd_AMI,0b5b55c7aaccc5abddfe20c23ab0f5dfe3b68acd,3.192144231,2.4843616061,0.7077826249000001
0b631ed1028bd4529d9c6947efb6d4441688c0f9_AMI,0b631ed1028bd4529d9c6947efb6d4441688c0f9,4.181731895,3.8759922488,0.3057396462000006
0b66cf877a589ab29febc097664f8741c60a00cf_AMI,0b66cf877a589ab29febc097664f8741c60a00cf,4.285847019,4.228551700600001,0.05729531839999957
0b676fdd2635fe4505f357b6139d8712fdfb7194_AMI,0b676fdd2635fe4505f357b6139d8712fdfb7194,7.568378831,4.6986713581,2.8697074729
0b692b87394db426b91d5787a6cdf62f1fa4b582_AMI,0b692b87394db426b91d5787a6cdf62f1fa4b582,-1.617878419,-13.2624571148,11.6445786958
0b6e6b431305a03fbb71d6cae2d778ac2b4fd4a4_AMI,0b6e6b431305a03fbb71d6cae2d778ac2b4fd4a4,2.397548816,1.6811381157,0.7164107003
0b78c6009ecb08a8ba6b6212301c3675db847eae_AMI,0b78c6009ecb08a8ba6b6212301c3675db847eae,3.748558828,3.5358395334,0.21271929460000027
0b80d24f49d6cb06ef7ee11f4b6c0df2e132df9e_AMI,0b80d24f49d6cb06ef7ee11f4b6c0df2e132df9e,3.512577878,3.160610962,0.3519669160000003
0b824d45fa1d2c0c57c87dfd251193ee152971aa_AMI,0b824d45fa1d2c0c57c87dfd251193ee152971aa,1.661840729,-2.0300061537,3.6918468827
0b85802160a051998f0837a292cfe3166ce0c192_AMI,0b85802160a051998f0837a292cfe3166ce0c192,5.869709065,7.1962984195,1.3265893544999994
0b86460ccb9bf635be328e72daa69b90466849b8_AMI,0b86460ccb9bf635be328e72daa69b90466849b8,4.189997468,3.9982325385,0.19176492949999968
0b92437fa750574efae8b03a43e2f3f4b701dd75_AMI,0b92437fa750574efae8b03a43e2f3f4b701dd75,8.102593982,7.858938188,0.24365579400000037
0b94c23ee1b1c177e20190f36fbd05a8ba6c949c_AMI,0b94c23ee1b1c177e20190f36fbd05a8ba6c949c,5.74888257,2.4756936313,3.2731889387
0bda04e9182dea3bf3688b7d75a049146fce911a_AMI,0bda04e9182dea3bf3688b7d75a049146fce911a,1.424017915,-1.9966957875,3.4207137025
0bdc7fae6ecafbe36b39b2cf518cd3e0002683a2_AMI,0bdc7fae6ecafbe36b39b2cf518cd3e0002683a2,0.152668998,-2.8970867845,3.0497557825
0be216f75a0469f55b8e5e2118430fd20fe26afa_AMI,0be216f75a0469f55b8e5e2118430fd20fe26afa,-3.403197891,-5.728468083,2.325270192
0bf1f16df85686350e2028c12f23285895aab0c8_AMI,0bf1f16df85686350e2028c12f23285895aab0c8,1.614834757,-1.9576819812,3.5725167382
0bf3654eaec037011951daa16f8d331225ba81ee_AMI,0bf3654eaec037011951daa16f8d331225ba81ee,5.907398955,5.2852112095,0.6221877454999998
0bf3ff3e00154f7aae93170172cf16c3502e8f97_AMI,0bf3ff3e00154f7aae93170172cf16c3502e8f97,0.049020677,-0.043495772200000005,0.0925164492
0bfa8d4eca9bdcca8db5dc910610e3a06d1c8140_AMI,0bfa8d4eca9bdcca8db5dc910610e3a06d1c8140,8.180627124,5.6228584527,2.5577686713000007
0c0252b6d941a2830a8e4df07e2c31ebf5a9d8ca_AMI,0c0252b6d941a2830a8e4df07e2c31ebf5a9d8ca,3.059237218,-1.3353619028,4.3945991208
0c083c830e8ed4b5a05dbbb364a38b51c0e3d527_AMI,0c083c830e8ed4b5a05dbbb364a38b51c0e3d527,-0.375104526,-4.9197715968,4.5446670708
0c0d2adb2fbdd51a4ac74fa506a024043e0ab825_AMI,0c0d2adb2fbdd51a4ac74fa506a024043e0ab825,2.01239561,1.0903892353000002,0.9220063746999998
0c1b0a513dda23f1fa78f1110b5a5d5f1b2abb8b_AMI,0c1b0a513dda23f1fa78f1110b5a5d5f1b2abb8b,2.29256601,-0.20677680359999998,2.4993428135999998
0c24b310f1e4d952aa533a982ff085a7ce53b599_AMI,0c24b310f1e4d952aa533a982ff085a7ce53b599,7.426950955,8.8801611151,1.4532101601000003
0c270f3a7952fc37b65e887e16138307d4fa8977_AMI,0c270f3a7952fc37b65e887e16138307d4fa8977,9.310494883,11.1979227777,1.8874278947
0c2833fca14d05183d68fa9e2f947b73f607f22d_AMI,0c2833fca14d05183d68fa9e2f947b73f607f22d,5.899950814,7.6805293628,1.7805785487999994
0c2fe8a0ad4a95916e4d883e21e9fe678bdf38c8_AMI,0c2fe8a0ad4a95916e4d883e21e9fe678bdf38c8,3.620243105,1.0301762333,2.5900668717000004
0c380d029a6d7d8afde53999103af454bd3c7444_AMI,0c380d029a6d7d8afde53999103af454bd3c7444,3.521454066,3.3259697687,0.19548429730000016
0c39b6e45eb7810710bf6df4728e9a2a90db3524_AMI,0c39b6e45eb7810710bf6df4728e9a2a90db3524,1.40322745,-4.2511989929,5.6544264429
0c3a66dfbc8333520b940e822a7b39e29aabe0bc_AMI,0c3a66dfbc8333520b940e822a7b39e29aabe0bc,3.847590923,1.2255731983,2.6220177247
0c4552b617731533beb075ae2fabd6ab84f3278c_AMI,0c4552b617731533beb075ae2fabd6ab84f3278c,4.49835955,1.0443938416999998,3.4539657083
0c48746ed340d0b91beef691ee0fd397cbdef26a_AMI,0c48746ed340d0b91beef691ee0fd397cbdef26a,-0.128893408,-4.401927064,4.273033656
0c4b63f331eff57c27b37302fd6083b2327b8c9b_AMI,0c4b63f331eff57c27b37302fd6083b2327b8c9b,0.049108983,-0.6656916842,0.7148006672
0c4fc88aeb0c568ac678a576b1771dadff7b0941_AMI,0c4fc88aeb0c568ac678a576b1771dadff7b0941,4.374069127,3.8986330344,0.4754360926000003
0c574e358f9d48a7c2367ae95482c4dc04169762_AMI,0c574e358f9d48a7c2367ae95482c4dc04169762,5.844501423,4.1634273101999995,1.6810741128000002
0c5c28ae9c603c581e2dbdd99b62bb6572836b49_AMI,0c5c28ae9c603c581e2dbdd99b62bb6572836b49,5.856804538,3.973239281,1.8835652569999994
0c5fcceb2f0650ff1554de48887e7ba0d0ff4379_AMI,0c5fcceb2f0650ff1554de48887e7ba0d0ff4379,-2.426106135,-5.8121702337,3.3860640987
0c6030dc07dca2bbb588587763159f514f6e6d18_AMI,0c6030dc07dca2bbb588587763159f514f6e6d18,0.15996908,0.7880645151,0.6280954351
0c67f70fb6ed682247f623091c5d1980ae3e9dca_AMI,0c67f70fb6ed682247f623091c5d1980ae3e9dca,2.54022143,1.8651978811,0.6750235488999998
0c6af1fa915d0e53fde66aabb613ad628bd15e1e_AMI,0c6af1fa915d0e53fde66aabb613ad628bd15e1e,2.849287969,3.6137615997,0.7644736307
0c737c840b9cecb3ef014d404c4487dcce505d43_AMI,0c737c840b9cecb3ef014d404c4487dcce505d43,0.114214282,2.4212156136,2.3070013316
0c7b3ea63850e40df37c5e9f47cc171ec991e2cd_AMI,0c7b3ea63850e40df37c5e9f47cc171ec991e2cd,-5.064071496,-8.5248014236,3.460729927599999
0c919d1ca08852f2f4313ad083522618079d15f7_AMI,0c919d1ca08852f2f4313ad083522618079d15f7,0.837676119,2.7906384536,1.9529623346
0c9bf143904481307bc442a8aa60f44415b1a144_AMI,0c9bf143904481307bc442a8aa60f44415b1a144,-1.648041227,-4.1001095581,2.4520683310999996
0ca098dad47daa8a005a4743e62c4acb93846318_AMI,0ca098dad47daa8a005a4743e62c4acb93846318,-12.97769364,-18.232962880000002,5.255269240000002
0cadbdd5352540d3a5d11d26b6b1610750387ab6_AMI,0cadbdd5352540d3a5d11d26b6b1610750387ab6,0.435516813,2.0226733980000002,1.5871565850000002
0cb3fdb307644615e81e65f65635655e3c6cb6b6_AMI,0cb3fdb307644615e81e65f65635655e3c6cb6b6,4.198290374,3.8213455515,0.37694482250000005
0cb7bf2a5a75dc9ad90911a959833a64b1645213_AMI,0cb7bf2a5a75dc9ad90911a959833a64b1645213,6.465651743,5.6450682553,0.8205834876999996
0cc3183e9e56599d2936f11f7f98a646dad6f32c_AMI,0cc3183e9e56599d2936f11f7f98a646dad6f32c,0.077563039,1.4202808251999999,1.3427177862
0cc522d68bba78a505f79be1b23c1ee7a95ac91f_AMI,0cc522d68bba78a505f79be1b23c1ee7a95ac91f,6.390617858,3.1835188439,3.2070990140999998
0cd3223164c5fc426c600c244f45bb039ceafc75_AMI,0cd3223164c5fc426c600c244f45bb039ceafc75,1.386717004,1.7333139973,0.34659699329999993
0cdd0d6b2fa4fe86ae9c3d7199afe2d65ba54803_AMI,0cdd0d6b2fa4fe86ae9c3d7199afe2d65ba54803,2.477888457,1.7067998212,0.7710886358000002
0ce2fb899aa9d5a7b5cf9cd4aaa73f09805c31ad_AMI,0ce2fb899aa9d5a7b5cf9cd4aaa73f09805c31ad,3.753221,-0.5974014574000002,4.3506224574
0ce80836b6a5509fe97b228e65aab497e13c1663_AMI,0ce80836b6a5509fe97b228e65aab497e13c1663,3.223698932,3.9072418148,0.6835428827999999
0cf83eb6e6e02ed978236c08f1f35c140878b1c9_AMI,0cf83eb6e6e02ed978236c08f1f35c140878b1c9,3.244887811,5.9038378032,2.6589499922
0cfb41860938764a6d3bed04ea1cfd017705addc_AMI,0cfb41860938764a6d3bed04ea1cfd017705addc,8.041646721,6.6556562817,1.3859904392999995
0d04ca801e96f378320e443e2d19bf612b638618_AMI,0d04ca801e96f378320e443e2d19bf612b638618,0.926511503,0.6430723660000001,0.2834391369999999
